ï..OBJECTID_1,Join_Count,TARGET_FID,OBJECTID,FID_,STREAMCODE,SITECODE,STREAMSITE,STREAMNAME,YEAR,DATE_,SAMPLE,RUN,LONGITUDE,LATITUDE,UTMX,UTMY,UTMZ,VALIDATION,CC,SITELENGTH,AVERAGEWID,AREA,USABLEAREA,NOFISH,X1,X2,X10,X11,X12,X14,X70,X73,X75,X76,X77,X78,X80,X84,X103,X131,X141,X160,X162,X163,X165,X176,X180,X181,X182,X184,X186,X189,X192,X194,X196,X197,X198,X200,X201,X203,X204,X206,X208,X209,X210,X211,X212,X214,X224,X225,X233,X235,X251,X280,X281,X311,X312,X313,X314,X316,X317,X320,X322,X330,X331,X334,X335,X337,X338,X339,X341,X342,X348,X351,X361,X366,X380,X381,X382,X999,SHANNON,BARRIERID,STREAM,DCIsNoDD,DCIs450mLi,DCIs1kmLi,DCIs5kmLi,DCIs10kmLi,DCIs10kmCu,OBJECT_ID,DESCR,GUT_NUMBER,LABEL,River,FIPEX_seg,FIPEX_sub,DCIs25kmLi,DCIs25kmCu,DCIs450mCu,DCIs1kmCu,DCIs5kmCu,S2_DCIs450mCu,S2_DCIs450mLi,S2_DCIs1kmCu,S2_DCIs1kmLi,S2_DCIs5kmCu,S2_DCIs5kmLi,S2_DCIs10kmCu,S2_DCIs10kmLi,S2_DCIs25kmCu,S2_DCIs25kmLi,S2_DCIs_NoDD
1,1,0,1,459,OA1,OA01,OA1-OA01,Oshawa,2000,36677,1,1,-78.84728241,43.86961746,672971.397,4859644.176,17,NA,C2,75,12.012,900.9,825.825,,0,0,0,0,0,0,0,0,0,0,0,1,0,0,0,0,0,0,0,10,0,0,0,0,0,0,0,0,0,0,0,0,7,0,0,0,0,0,2,13,105,196,16,0,0,0,0,0,0,0,0,9,0,1,0,0,0,0,0,0,0,0,0,0,0,0,37,11,0,0,0,0,0,7,0,0,5.018420133,300036,Oshawa,25.58,98.33,98.22,92.89,79.31,62.93,1200786324,Water Line  Permanent,1263,Oshawa Creek,Oshawa,248_s,253_s,45.29,33.09,98.33,98.05,86.77,100,100,100,100,100.01,100.02,81.54,95.08,52.37,64.51,41.98
2,1,1,2,460,OA1,OA02,OA1-OA02,Oshawa,2000,36678,1,1,-78.85199738,43.87277603,672583.4219,4859985.135,17,NA,C2,40,13.105,524.2,524.2,,0,0,0,0,0,0,0,0,0,0,0,0,0,0,0,0,0,0,0,18,0,0,0,0,0,0,0,0,0,0,0,0,0,0,0,0,0,0,1,143,2,3,0,0,0,0,6,0,0,0,0,18,0,5,0,4,0,0,0,0,0,0,0,0,0,0,64,0,0,0,0,0,0,1,0,0,4.035274026,300019,Oshawa,26.3,96.34,95.09,87.55,71.76,55.76,1200786294,Water Line  Permanent,1263,Oshawa Creek,Oshawa,253_s,17_s,42.92,30.01,95.46,94.31,82.97,99.99,100,100,99.99,100,100,73.9,89.88,48.16,62.04,41.98
3,1,2,3,462,OA1,OA03,OA1-OA03,Oshawa,2000,36679,1,1,-78.85185242,43.87595749,672585.8825,4860338.797,17,NA,C2,83,10.972,910.676,895.4980667,,0,0,0,0,0,0,0,0,3,2,0,0,0,0,0,0,0,0,0,10,0,0,0,0,0,0,0,0,0,0,0,0,0,0,0,0,0,0,8,0,53,98,0,0,0,0,0,0,0,0,0,2,0,0,0,0,0,0,0,0,0,0,0,0,0,0,34,0,0,0,0,0,0,1,0,0,4.221170225,300019,Oshawa,26.3,96.34,95.09,87.55,71.76,55.76,1200786285,Water Line  Permanent,1263,Oshawa Creek,Oshawa,253_s,17_s,42.92,30.01,95.46,94.31,82.97,99.99,100,100,99.99,100,100,73.9,89.88,48.16,62.04,41.98
4,1,3,4,461,OA1,OA03,OA1-OA03,Oshawa,2000,36562,1,1,-78.85185242,43.87595749,672585.8825,4860338.797,17,NA,C2,83,10.972,910.676,895.4980667,,0,0,0,0,0,0,0,0,0,2,0,0,0,0,0,0,0,0,0,0,0,0,0,0,0,0,0,0,0,0,0,0,0,0,0,0,0,0,0,0,0,0,0,0,0,0,0,0,0,0,0,0,0,0,0,0,0,0,0,0,0,0,0,0,0,0,0,0,0,0,0,0,0,0,0,0,1,300019,Oshawa,26.3,96.34,95.09,87.55,71.76,55.76,1200786285,Water Line  Permanent,1263,Oshawa Creek,Oshawa,253_s,17_s,42.92,30.01,95.46,94.31,82.97,99.99,100,100,99.99,100,100,73.9,89.88,48.16,62.04,41.98
5,1,4,5,464,OA1,OA04,OA1-OA04,Oshawa,2000,36678,1,1,-78.85899353,43.88190842,671995.0148,4860984.867,17,NA,C2,75,10.683,801.225,801.225,,0,0,0,0,0,0,0,0,0,0,0,0,0,0,0,0,0,0,0,13,0,0,0,0,0,0,0,0,0,0,0,0,3,0,0,0,0,0,2,0,13,77,2,0,0,0,0,0,0,0,0,0,0,0,0,5,0,0,0,0,0,0,0,0,0,0,52,0,0,0,0,0,0,8,0,0,4.584260049,300126,Oshawa,30.16,95.39,94.7,88.45,72.85,61.43,1200786251,Water Line  Permanent,1263,Oshawa Creek,Oshawa,24_s,37_s,46.9,32.99,95.21,93.76,85.74,100,99.99,99.99,100.01,100.03,100,70.93,84.57,45.08,59.65,41.98
6,1,5,6,463,OA1,OA04,OA1-OA04,Oshawa,2000,36531,1,1,-78.85899353,43.88190842,671995.0148,4860984.867,17,NA,C2,75,10.683,801.225,801.225,,0,0,0,0,0,0,0,0,0,6,0,0,0,0,0,0,0,0,0,0,0,0,0,0,0,0,0,0,0,0,0,0,0,0,0,0,0,0,0,0,0,0,0,0,0,0,0,0,0,0,0,0,0,0,0,0,0,0,0,0,0,0,0,0,0,0,0,0,0,0,0,0,0,0,0,0,1,300126,Oshawa,30.16,95.39,94.7,88.45,72.85,61.43,1200786251,Water Line  Permanent,1263,Oshawa Creek,Oshawa,24_s,37_s,46.9,32.99,95.21,93.76,85.74,100,99.99,99.99,100.01,100.03,100,70.93,84.57,45.08,59.65,41.98
7,1,6,7,466,OA1,OA05,OA1-OA05,Oshawa,2000,36679,1,1,-78.8613739,43.88425446,671797.042,4861240.486,17,NA,C2,40,11.852,474.08,474.08,,0,0,0,0,0,0,0,0,2,1,0,0,0,0,0,0,0,0,0,2,0,0,0,0,0,0,0,0,0,0,0,0,0,0,0,0,0,0,0,0,10,31,0,0,0,0,0,0,0,0,0,0,0,0,0,1,0,0,0,0,0,0,0,0,0,0,41,0,0,0,0,0,0,1,0,0,3.63973791,300123,Oshawa,30.42,99.31,96.87,88.7,71.82,61.69,1200786227,Water Line  Permanent,1263,Oshawa Creek,Oshawa,37_s,35_s,46.5,32.59,98.65,94.6,84.88,99.99,99.99,99.99,100.02,98.3,99.97,72.18,82.85,44.36,58.84,NA
8,1,7,8,465,OA1,OA05,OA1-OA05,Oshawa,2000,36562,1,1,-78.8613739,43.88425446,671797.042,4861240.486,17,NA,C2,40,11.852,474.08,474.08,,0,0,0,0,0,0,0,0,0,1,0,0,0,0,0,0,0,0,0,0,0,0,0,0,0,0,0,0,0,0,0,0,0,0,0,0,0,0,0,0,0,0,0,0,0,0,0,0,0,0,0,0,0,0,0,0,0,0,0,0,0,0,0,0,0,0,0,0,0,0,0,0,0,0,0,0,1,300123,Oshawa,30.42,99.31,96.87,88.7,71.82,61.69,1200786227,Water Line  Permanent,1263,Oshawa Creek,Oshawa,37_s,35_s,46.5,32.59,98.65,94.6,84.88,99.99,99.99,99.99,100.02,98.3,99.97,72.18,82.85,44.36,58.84,NA
9,1,8,9,498,OA1,OB01,OA1-OB01,Oshawa,2000,36679,1,1,-78.87165833,43.88519287,670968.1879,4861323.379,17,NA,C2,44,3.271666667,143.9533333,143.9533333,,0,0,0,0,0,0,0,0,0,0,0,0,0,0,0,0,0,0,0,0,0,0,0,0,0,0,0,0,0,0,0,0,0,0,0,0,0,0,0,0,49,0,0,0,0,0,0,0,0,0,0,0,0,0,0,0,0,0,0,0,0,0,0,0,0,0,0,0,0,0,0,0,0,0,0,0,1,300119,Oshawa,27.17,97.8,95.5,83.27,63.85,57.15,1200786221,Water Line  Permanent,1263,Goodman Creek,Oshawa,26_s,10_s,42.75,29.99,96.9,93.49,70.31,100,100,99.99,99.99,84.32,97.5,70.87,77.69,45.06,59.32,41.98
10,1,9,10,499,OA1,OB02,OA1-OB02,Oshawa,2000,36682,1,1,-78.88254547,43.8866539,670089.4558,4861463.18,17,NA,C2,44,12.428,546.832,546.832,,0,0,0,0,0,0,0,0,0,0,0,0,0,0,0,0,0,0,0,4,0,0,0,0,0,0,0,0,0,0,0,0,1,0,0,0,0,0,18,0,166,0,23,0,0,0,0,0,0,0,1,0,0,0,0,0,0,0,0,0,0,0,0,0,0,0,33,0,0,0,0,0,0,0,0,0,2.885064198,300077,Oshawa,24.54,96.37,95.3,72.31,54.59,50.88,1200786215,Water Line  Permanent,1263,Goodman Creek,Oshawa,6_s,54_s,40.55,29.54,95.98,94.33,57.68,100,99.99,100,99.98,72.21,85.5,67.66,68.94,48.55,60.63,41.98
11,1,10,11,467,OA1,OA06,OA1-OA06,Oshawa,2000,36682,1,1,-78.86611939,43.89335632,671389.7138,4862241.561,17,NA,C2,40,9.298,371.92,371.92,,0,0,0,0,0,0,0,0,4,3,0,0,0,0,0,0,0,0,0,1,0,0,0,0,0,0,0,0,0,0,0,0,0,0,0,0,0,0,0,2,38,79,2,0,0,0,0,0,0,0,0,0,0,0,0,1,0,0,0,0,0,0,0,0,0,0,5,0,0,0,0,0,0,6,0,0,3.686228449,300021,Oshawa,31.68,98.15,97.62,90.08,75.35,62.51,69935989,Water Virtual Flow Segment,2806,,Oshawa,63_s,64_s,45.93,32.92,98.01,97,86.78,100,100.01,100.01,100,99.96,100,74.03,86.77,42.22,56.85,41.98
12,1,11,12,551,OA1,SOB1,OA1-SOB1,Oshawa,2000,36752,1,1,-78.89093781,43.89501572,669391.5977,4862374.671,17,NA,C2,80,14,1120,1120,,0,0,0,0,0,0,0,0,0,0,0,0,0,0,0,0,0,0,0,7,0,0,0,146,0,0,0,0,0,0,0,0,0,0,0,0,0,0,2,14,0,0,2,0,0,0,11,0,0,0,13,0,0,22,0,0,0,0,0,0,0,0,0,0,0,0,0,0,0,0,0,0,0,0,0,0,3.29521463,300090,Oshawa,23.17,98.71,98.16,56.41,47.27,47.39,1200786145,Water Line  Permanent,1263,Goodman Creek,Oshawa,42_s,47_s,39.5,29.99,98.45,97.59,42.52,100.01,100.01,100.01,99.99,53.99,64.76,65.16,59.71,50.95,61.54,41.98
13,1,12,13,500,OA1,OB03,OA1-OB03,Oshawa,2000,36682,1,1,-78.89279175,43.89896774,669231.4952,4862809.818,17,NA,C2,60,1.699,101.94,101.94,,0,0,0,0,0,0,0,0,0,0,0,0,0,0,0,0,0,0,0,0,0,0,0,0,0,0,0,0,0,0,0,0,0,0,0,0,0,0,0,0,94,0,45,0,0,0,0,0,0,0,0,0,0,0,0,0,0,0,0,0,0,0,0,0,0,0,0,0,0,0,0,0,0,0,0,0,1.876967103,300136,Oshawa,22.49,50.8,45.34,37.59,40.78,45.45,1200800118,Water Line  Permanent,1263,Goodman Creek,Oshawa,47_s,51_s,38.85,30.29,46.42,43.24,36.31,46.91,71.05,48.83,58.74,44.01,41.8,62.07,50.49,54.73,61.63,0.85
14,1,13,14,468,OA1,OA07,OA1-OA07,Oshawa,2000,36682,1,1,-78.87046051,43.89973831,671022.7599,4862941.403,17,NA,C2,40,9.915,396.6,396.6,,0,0,0,0,0,0,0,0,0,0,0,0,0,0,0,0,0,0,0,21,0,0,0,0,0,0,0,0,0,0,0,0,1,0,0,0,0,0,0,1,4,4,0,0,0,0,0,0,0,0,0,0,0,1,0,4,0,0,0,0,0,0,0,0,0,0,46,0,0,0,0,0,0,8,0,0,4.318384815,300050,Oshawa,32.16,99.16,98.75,91.83,77.74,63.77,69935989,Water Virtual Flow Segment,2806,,Oshawa,65_s,69_s,45.47,33.02,99.07,98.23,88.16,100.01,100,100,99.99,100.02,100,74.48,89.13,42.33,55.8600000000001,41.98
15,1,14,15,501,OA1,OB04,OA1-OB04,Oshawa,2000,36682,1,1,-78.89610291,43.90378571,668951.9372,4863338.164,17,NA,C2,53,2.290666667,121.4053333,118.707437,,0,0,0,0,0,0,0,0,0,0,0,0,0,0,0,0,0,0,0,1,0,0,0,0,0,0,0,0,0,0,0,0,0,0,0,0,0,0,0,0,200,0,166,0,0,0,0,0,0,0,0,0,0,0,0,0,0,0,0,0,0,0,0,0,0,0,0,0,0,0,0,0,0,0,0,0,2.025387777,300136,Oshawa,22.49,50.8,45.34,37.59,40.78,45.45,1200800118,Water Line  Permanent,1263,Goodman Creek,Oshawa,47_s,51_s,38.85,30.29,46.42,43.24,36.31,46.91,71.05,48.83,58.74,44.01,41.8,62.07,50.49,54.73,61.63,0.85
16,1,15,16,470,OA1,OA08,OA1-OA08,Oshawa,2000,36712,1,1,-78.87581635,43.90405655,670580.2905,4863409.948,17,NA,C2,60,6.837,410.22,410.22,,0,0,0,0,0,0,0,0,0,6,0,0,0,0,0,0,0,0,0,0,0,0,0,0,0,0,0,0,0,0,0,0,0,0,0,0,0,0,0,0,37,75,7,0,0,0,0,0,0,0,0,2,0,0,0,0,0,0,0,0,0,0,0,8,0,0,0,0,0,0,0,0,0,17,0,0,4.132112291,300104,Oshawa,32.46,99.35,99.19,95.04,78.91,64.88,214608575,Water Virtual Flow Segment,2806,,Oshawa,69_s,132_s,43.67,32.36,99.23,99.08,91.74,100.01,99.99,100.01,100,100.02,99.97,76.84,90.69,42.13,54.06,41.98
17,1,16,17,469,OA1,OA08,OA1-OA08,Oshawa,2000,36653,1,1,-78.87581635,43.90405655,670580.2905,4863409.948,17,NA,C2,60,6.837,410.22,410.22,,0,0,0,0,0,0,0,0,2,3,0,2,0,0,0,0,0,0,0,0,0,0,0,0,0,0,0,0,0,0,0,0,0,0,0,0,0,0,0,0,0,0,0,0,0,0,0,0,0,0,0,0,0,0,0,0,0,0,0,0,0,0,0,0,0,0,0,0,0,0,0,0,0,0,0,0,2.941713421,300104,Oshawa,32.46,99.35,99.19,95.04,78.91,64.88,214608575,Water Virtual Flow Segment,2806,,Oshawa,69_s,132_s,43.67,32.36,99.23,99.08,91.74,100.01,99.99,100.01,100,100.02,99.97,76.84,90.69,42.13,54.06,41.98
18,1,17,18,502,OA1,OB05,OA1-OB05,Oshawa,2000,36684,1,1,-78.90065002,43.91303635,668560.6576,4864356.331,17,NA,C2,47,3.145833333,147.8541667,142.9256944,,0,0,0,0,0,0,0,0,0,0,0,0,0,0,0,0,0,0,0,1,0,0,0,0,0,0,0,0,0,0,0,0,0,0,0,0,0,0,0,0,10,0,37,0,0,0,0,0,0,0,4,0,0,0,0,0,0,0,0,0,0,0,0,0,0,0,6,0,0,0,0,0,0,0,0,0,2.941642344,100002,Oshawa,0.44,30.15,23.45,11.23,8.16,5.25,1200783916,Water Line  Permanent,1263,Goodman Creek,Oshawa,82_s,75_s,2.83,0.89,26.3,19.86,8.68,36.11,58.14,23.83,40.83,9.06,11.77,5.51,8.44,0.94,2.98,0.44
19,1,18,19,503,OA1,OB06,OA1-OB06,Oshawa,2000,36684,1,1,-78.90068054,43.91408157,668555.2557,4864472.361,17,NA,C2,40,2.659166667,106.3666667,104.5938889,,0,0,0,0,0,0,0,0,0,0,0,0,0,0,0,0,0,0,0,2,0,0,0,0,0,0,0,0,0,0,0,0,0,0,0,0,0,0,0,0,2,0,54,0,0,0,0,0,0,0,2,0,0,0,0,0,0,0,0,0,0,0,0,0,0,0,26,0,0,0,0,0,0,0,0,0,2.49995154,100002,Oshawa,0.44,30.15,23.45,11.23,8.16,5.25,1200783916,Water Line  Permanent,1263,Goodman Creek,Oshawa,82_s,75_s,2.83,0.89,26.3,19.86,8.68,36.11,58.14,23.83,40.83,9.06,11.77,5.51,8.44,0.94,2.98,0.44
20,1,19,20,472,OA1,OA09,OA1-OA09,Oshawa,2000,36713,1,1,-78.88241577,43.91648102,670014.9333,4864776.312,17,NA,C2,40,8.45,338,326.7333333,,0,0,0,0,0,0,0,0,0,6,0,3,0,0,0,0,0,0,0,0,0,0,0,0,0,0,0,0,0,0,0,0,0,0,0,0,0,0,0,0,0,0,0,0,0,0,0,0,0,0,0,0,0,0,0,0,0,0,0,0,0,0,0,0,0,0,0,0,0,0,0,0,0,0,0,0,1.889881575,300074,Oshawa,32.94,99.5,99.44,97.42,78.34,63.31,214608575,Water Virtual Flow Segment,2806,,Oshawa,132_s,133_s,42.9,32.71,99.48,99.41,92.11,100,100,99.99,99.99,97.88,99.75,75.24,88.75,41.66,52.48,NA
21,1,20,21,471,OA1,OA09,OA1-OA09,Oshawa,2000,36684,1,1,-78.88241577,43.91648102,670014.9333,4864776.312,17,NA,C2,40,8.45,338,326.7333333,,0,0,0,0,0,0,0,0,2,2,0,0,0,0,0,0,0,0,0,9,0,0,0,0,0,0,0,0,0,0,0,0,1,0,0,0,0,0,0,0,0,13,3,0,0,0,0,0,0,0,0,2,0,1,0,7,0,0,0,0,0,0,0,0,0,0,17,0,0,0,0,0,0,7,0,0,7.645925565,300074,Oshawa,32.94,99.5,99.44,97.42,78.34,63.31,214608575,Water Virtual Flow Segment,2806,,Oshawa,132_s,133_s,42.9,32.71,99.48,99.41,92.11,100,100,99.99,99.99,97.88,99.75,75.24,88.75,41.66,52.48,NA
22,1,21,22,504,OA1,OB07,OA1-OB07,Oshawa,2000,36697,1,1,-78.90129089,43.9169693,668498.0971,4864791.852,17,NA,C2,44,1.612,70.928,70.928,,0,0,0,0,0,0,0,0,0,0,0,0,0,0,0,0,0,0,0,0,0,0,0,0,0,0,0,0,0,0,0,0,0,0,0,0,0,0,0,0,15,0,14,0,0,0,0,0,0,0,0,0,0,0,0,0,0,0,0,0,0,0,0,0,0,0,6,0,0,0,0,0,0,0,0,0,2.806598972,100002,Oshawa,0.44,30.15,23.45,11.23,8.16,5.25,1200783916,Water Line  Permanent,1263,Goodman Creek,Oshawa,82_s,75_s,2.83,0.89,26.3,19.86,8.68,36.11,58.14,23.83,40.83,9.06,11.77,5.51,8.44,0.94,2.98,0.44
23,1,22,23,505,OA1,OB08,OA1-OB08,Oshawa,2000,36684,1,1,-78.90388489,43.92024612,668280.5908,4865150.516,17,NA,C2,49,1.4795,72.4955,70.6831125,,0,0,0,0,0,0,0,0,0,0,0,0,0,0,0,0,0,0,0,0,0,0,0,3,0,0,0,0,0,0,0,0,7,0,0,0,0,0,0,76,15,0,111,0,0,0,0,0,0,0,1,1,0,0,0,0,0,0,0,0,0,0,0,0,0,0,1,0,0,0,0,0,0,0,0,0,3.129032513,100002,Oshawa,0.44,30.15,23.45,11.23,8.16,5.25,1200783916,Water Line  Permanent,1263,Goodman Creek,Oshawa,82_s,75_s,2.83,0.89,26.3,19.86,8.68,36.11,58.14,23.83,40.83,9.06,11.77,5.51,8.44,0.94,2.98,0.44
24,1,23,24,506,OA1,OB09,OA1-OB09,Oshawa,2000,36684,1,1,-78.90679169,43.92292023,668039.6924,4865441.605,17,NA,C2,40,1.365333333,54.61333333,54.61333333,,0,0,0,0,0,0,0,0,0,0,0,0,0,0,0,0,0,0,0,0,0,0,0,0,0,0,0,0,0,0,0,0,0,0,0,0,0,0,0,0,22,0,10,0,0,0,0,0,0,0,0,0,0,0,0,0,0,0,0,0,0,0,0,0,0,0,0,0,0,0,0,0,0,0,0,0,1.860948631,200001,Oshawa,2.01,85,79.2,55.98,41.97,27.14,69935981,Water Line  Intermittent,1123,Goodman Creek,Oshawa,81_s,109_s,15.25,4.99,81.24,75.91,43.85,76.57,80.05,80.27,80.91,48.52,61.82,29.97,46.25,5.37,16.92,NA
25,1,24,25,507,OA1,OB10,OA1-OB10,Oshawa,2000,36685,1,1,-78.90617371,43.92702103,668077.7519,4865898.336,17,NA,C2,43,1.983333333,85.28333333,81.49296296,,0,0,0,0,0,0,0,0,0,0,0,0,0,0,0,0,0,0,0,0,0,0,0,0,0,0,0,0,0,0,0,0,0,0,0,0,0,0,0,0,2,0,2,0,0,0,0,0,0,0,0,0,0,0,0,0,0,0,0,0,0,0,0,0,0,0,0,0,0,0,0,0,0,0,0,0,2,300041,Oshawa,2.02,97.16,92.79,62.14,45.4,28.89,1200783742,Water Line  Intermittent,1123,Goodman Creek,Oshawa,114_s,116_s,16.5,5.44,95.37,87.52,46.21,100.01,99.99,86.87,95.54,49.56,67.14,30.59,49,5.77,17.84,NA
26,1,25,26,482,OA1,OA10,OA1-OA10,Oshawa,2000,36713,1,1,-78.8897171,43.92777252,669396.6625,4866015.442,17,NA,C2,71,10.15,720.65,720.65,,0,0,0,0,0,0,0,0,0,21,0,0,0,0,0,0,0,0,0,0,0,0,0,0,0,0,0,0,0,0,0,0,0,0,0,0,0,0,0,0,0,0,0,0,0,0,0,0,0,0,0,0,0,0,0,0,0,0,0,0,0,0,0,0,0,0,0,0,0,0,0,0,0,0,0,0,1,300074,Oshawa,32.94,99.73,99.66,91.23,73.33,59.96,1200783786,Water Line  Permanent,1263,Oshawa Creek,Oshawa,132_s,130_s,41.45,32.71,99.71,99.58,82.48,100,100,100,99.99,87.35,96.62,71,83.03,41.61,51.1,41.98
27,1,26,27,481,OA1,OA10,OA1-OA10,Oshawa,2000,36684,1,1,-78.8897171,43.92777252,669396.6625,4866015.442,17,NA,C2,71,10.15,720.65,720.65,,0,0,0,0,0,0,0,0,0,0,0,0,0,0,0,0,0,0,0,19,0,0,0,0,0,0,0,0,0,0,0,0,0,0,0,0,0,0,0,1,4,67,3,0,0,0,0,0,0,0,0,0,0,0,0,1,0,0,0,0,0,0,0,0,0,0,57,0,0,0,0,0,0,9,0,0,3.955135654,300074,Oshawa,32.94,99.73,99.66,91.23,73.33,59.96,1200783786,Water Line  Permanent,1263,Oshawa Creek,Oshawa,132_s,130_s,41.45,32.71,99.71,99.58,82.48,100,100,100,99.99,87.35,96.62,71,83.03,41.61,51.1,41.98
28,1,27,28,508,OA1,OB11,OA1-OB11,Oshawa,2000,36679,1,1,-78.9052124,43.92846298,668150.8559,4866060.451,17,NA,C2,40,0.971,38.84,36.898,,0,0,0,0,0,0,0,0,0,0,0,0,0,0,0,0,0,0,0,0,0,0,0,0,0,0,0,0,0,0,0,0,0,0,0,0,0,0,0,0,3,0,0,0,0,0,0,0,0,0,0,0,0,0,0,0,0,0,0,0,0,0,0,0,0,0,0,0,0,0,0,0,0,0,0,0,1,300041,Oshawa,2.02,98.82,95.68,63.77,46.22,29.09,1200783737,Water Line  Intermittent,1123,Goodman Creek,Oshawa,114_s,124_s,16.71,5.49,97.67,90.95,46.45,100,100,87.37,97.16,51.31,69.82,31.37,50.39,5.94,18.39,NA
29,1,28,29,509,OA1,OB12,OA1-OB12,Oshawa,2000,36642,1,1,-78.90477753,43.93114853,668178.1935,4866359.618,17,NA,C2,40,0.859,34.36,33.501,yes,0,0,0,0,0,0,0,0,0,0,0,0,0,0,0,0,0,0,0,0,0,0,0,0,0,0,0,0,0,0,0,0,0,0,0,0,0,0,0,0,0,0,0,0,0,0,0,0,0,0,0,0,0,0,0,0,0,0,0,0,0,0,0,0,0,0,0,0,0,0,0,0,0,0,0,0,0,300041,Oshawa,2.02,99.99,99.51,68.42,48.6,30.61,1200783685,Water Line  Intermittent,1123,Goodman Creek,Oshawa,114_s,140_s,17.64,5.78,99.99,98.09,48.57,100,100,100,100,53.05,74.16,33.08,52.64,6.26,19.26,NA
30,1,29,30,484,OA1,OA11,OA1-OA11,Oshawa,2000,36744,1,1,-78.89308929,43.93239975,669112.8475,4866522.471,17,NA,C2,54,8.841,477.414,477.414,,0,0,0,0,0,0,0,0,0,3,0,0,0,0,0,0,0,0,0,0,0,0,0,0,0,0,0,0,0,0,0,0,0,0,0,0,0,0,0,0,0,0,0,0,0,0,0,0,0,0,0,0,0,0,0,0,0,0,0,0,0,0,0,0,0,0,0,0,0,0,0,0,0,0,0,0,1,300022,Oshawa,33.16,99.74,99.72,88.71,71.56,59.41,1200783695,Water Line  Permanent,1263,Oshawa Creek,Oshawa,130_s,149_s,41.35,32.93,99.74,99.71,80.58,100,100,100,100,85.52,92.62,67.93,78.6900000000001,41.61,50.25,NA
31,1,30,31,483,OA1,OA11,OA1-OA11,Oshawa,2000,36685,1,1,-78.89308929,43.93239975,669112.8475,4866522.471,17,NA,C2,54,8.841,477.414,477.414,,0,0,0,0,0,0,0,0,1,24,0,0,0,0,0,0,0,0,0,5,0,0,0,0,0,0,0,0,0,0,0,0,0,0,0,0,0,0,0,0,5,31,2,0,0,0,0,0,0,0,0,0,0,0,0,1,0,0,0,0,0,0,0,0,0,0,22,0,0,0,0,0,0,14,0,0,5.741384017,300022,Oshawa,33.16,99.74,99.72,88.71,71.56,59.41,1200783695,Water Line  Permanent,1263,Oshawa Creek,Oshawa,130_s,149_s,41.35,32.93,99.74,99.71,80.58,100,100,100,100,85.52,92.62,67.93,78.6900000000001,41.61,50.25,NA
32,1,31,32,520,OA1,OE01,OA1-OE01,Oshawa,2000,36712,1,1,-78.89337921,43.93299103,669087.9006,4866587.55,17,NA,C2,56,4.914,275.184,275.184,,0,0,0,0,0,0,0,0,0,7,0,0,0,0,0,0,0,0,0,0,0,0,0,0,0,0,0,0,0,0,0,0,0,0,0,0,0,0,0,6,9,51,5,0,0,0,0,0,0,0,0,0,0,1,0,0,0,0,0,0,0,0,0,0,0,0,15,0,0,0,0,0,0,17,0,0,5.118850844,300022,Oshawa,33.16,99.5,99.35,78.3,63.74,53.74,1200783665,Water Line  Permanent,1263,East Oshawa Creek,Oshawa,130_s,195_s,39.58,32.93,99.46,99.23,72.06,100,100,100,100,81.29,85.68,60.21,71.92,41.61,48.2000000000001,41.98
33,1,32,33,519,OA1,OE01,OA1-OE01,Oshawa,2000,36653,1,1,-78.89337921,43.93299103,669087.9006,4866587.55,17,NA,C2,56,4.914,275.184,275.184,,0,0,0,0,0,0,0,0,0,4,0,1,0,0,0,0,0,0,0,0,0,0,0,0,0,0,0,0,0,0,0,0,0,0,0,0,0,0,0,0,0,0,0,0,0,0,0,0,0,0,0,0,0,0,0,0,0,0,0,0,0,0,0,0,0,0,0,0,0,0,0,0,0,0,0,0,1.649384888,300022,Oshawa,33.16,99.5,99.35,78.3,63.74,53.74,1200783665,Water Line  Permanent,1263,East Oshawa Creek,Oshawa,130_s,195_s,39.58,32.93,99.46,99.23,72.06,100,100,100,100,81.29,85.68,60.21,71.92,41.61,48.2000000000001,41.98
34,1,33,34,522,OA1,OE02,OA1-OE02,Oshawa,2000,36712,1,1,-78.88949585,43.93354034,669398.044,4866656.525,17,NA,C2,49,5.147,252.203,252.203,,0,0,0,0,0,0,0,0,0,5,0,0,0,0,0,0,0,0,0,5,0,0,0,0,0,0,0,0,0,0,0,0,0,0,0,0,0,0,0,6,24,10,21,0,0,0,0,0,0,0,0,0,0,0,0,0,0,0,0,0,0,0,0,0,0,0,6,0,0,0,0,0,0,24,0,0,6.498214586,300022,Oshawa,33.16,99.5,99.35,78.3,63.74,53.74,1200783665,Water Line  Permanent,1263,East Oshawa Creek,Oshawa,130_s,195_s,39.58,32.93,99.46,99.23,72.06,100,100,100,100,81.29,85.68,60.21,71.92,41.61,48.2000000000001,41.98
35,1,34,35,521,OA1,OE02,OA1-OE02,Oshawa,2000,36653,1,1,-78.88949585,43.93354034,669398.044,4866656.525,17,NA,C2,49,5.147,252.203,252.203,,0,0,0,0,0,0,0,0,0,3,0,0,0,0,0,0,0,0,0,0,0,0,0,0,0,0,0,0,0,0,0,0,0,0,0,0,0,0,0,0,0,0,0,0,0,0,0,0,0,0,0,0,0,0,0,0,0,0,0,0,0,0,0,0,0,0,0,0,0,0,0,0,0,0,0,0,1,300022,Oshawa,33.16,99.5,99.35,78.3,63.74,53.74,1200783665,Water Line  Permanent,1263,East Oshawa Creek,Oshawa,130_s,195_s,39.58,32.93,99.46,99.23,72.06,100,100,100,100,81.29,85.68,60.21,71.92,41.61,48.2000000000001,41.98
36,1,35,36,523,OA1,OE03,OA1-OE03,Oshawa,2000,36714,1,1,-78.8824234,43.93911362,669949.8373,4867290.084,17,NA,C2,46,5.355,246.33,246.33,,0,0,0,0,0,0,0,0,0,5,0,1,0,0,0,0,0,0,0,13,0,0,0,0,0,0,0,0,0,0,0,0,0,0,0,0,0,0,0,3,139,4,45,0,0,0,0,0,0,0,0,0,0,1,0,0,0,0,0,0,0,0,0,0,0,0,4,0,0,0,0,0,0,24,0,0,3.809023061,300027,Oshawa,32.62,99.5,94.49,67.91,56.11,46.45,1200783629,Water Line  Permanent,1263,East Oshawa Creek,Oshawa,195_s,199_s,37.34,32.39,99.52,87.22,63.72,100.01,100.01,92.44,95.96,73.54,77.2,53.12,63.31,41.61,45.87,NA
37,1,36,37,486,OA1,OA12,OA1-OA12,Oshawa,2000,36744,1,1,-78.89904785,43.93973923,668613.8208,4867325.472,17,NA,C2,55,5.418,297.99,293.0235,,0,0,0,0,0,0,0,0,0,30,0,0,0,0,0,0,0,0,0,0,0,0,0,0,0,0,0,0,0,0,0,0,0,0,0,0,0,0,0,0,0,0,0,0,0,0,0,0,0,0,0,0,0,0,0,0,0,0,0,0,0,0,0,0,0,0,0,0,0,0,0,0,0,0,0,0,1,300022,Oshawa,33.16,99.5,96.04,94.53,79.63,68.67,1200783634,Water Line  Permanent,1263,Oshawa Creek,Oshawa,130_s,147_s,44.16,32.93,97.16,95.73,87.2,96.14,99.24,98.26,98.09,92.76,96.99,79.9299999999999,87.28,41.61,54.16,NA
38,1,37,38,485,OA1,OA12,OA1-OA12,Oshawa,2000,36685,1,1,-78.89904785,43.93973923,668613.8208,4867325.472,17,NA,C2,55,5.418,297.99,293.0235,,0,0,0,0,0,0,0,0,0,56,0,0,0,0,0,0,0,0,0,5,0,0,0,0,0,0,0,0,0,0,0,0,0,0,0,0,0,0,0,0,65,58,6,0,0,0,0,0,0,0,0,0,0,1,0,0,0,0,0,0,0,0,0,0,0,0,0,0,0,0,0,0,0,45,0,0,4.737618983,300022,Oshawa,33.16,99.5,96.04,94.53,79.63,68.67,1200783634,Water Line  Permanent,1263,Oshawa Creek,Oshawa,130_s,147_s,44.16,32.93,97.16,95.73,87.2,96.14,99.24,98.26,98.09,92.76,96.99,79.9299999999999,87.28,41.61,54.16,NA
39,1,38,39,493,OA1,OADC,OA1-OADC,Oshawa,1997,35772,2,1,-78.89976502,43.94095612,668552.8238,4867459.166,17,NA,C2,44,6.825,300.3,255.255,,0,0,0,0,0,0,0,0,6,23,0,0,0,0,0,0,0,0,0,0,0,0,0,0,0,0,0,0,0,0,0,0,0,0,0,0,0,0,0,0,0,0,0,0,0,0,0,0,0,0,0,0,0,0,0,0,0,0,0,0,0,0,0,0,0,0,0,0,0,0,0,0,0,0,0,0,1.664984309,300022,Oshawa,33.16,99.5,96.04,94.53,79.63,68.67,1200783634,Water Line  Permanent,1263,Oshawa Creek,Oshawa,130_s,147_s,44.16,32.93,97.16,95.73,87.2,96.14,99.24,98.26,98.09,92.76,96.99,79.9299999999999,87.28,41.61,54.16,NA
40,1,39,40,492,OA1,OADC,OA1-OADC,Oshawa,1997,35654,2,1,-78.89976502,43.94095612,668552.8238,4867459.166,17,NA,C2,44,6.825,300.3,255.255,,0,0,0,0,0,0,0,0,0,39,0,0,0,0,0,0,0,0,0,0,0,0,0,0,0,0,0,0,0,0,0,0,0,0,0,0,0,0,0,0,64,46,4,0,0,0,0,0,0,0,0,0,0,0,0,0,0,0,0,0,0,0,0,0,0,0,1,0,0,0,0,0,0,34,0,0,4.291433788,300022,Oshawa,33.16,99.5,96.04,94.53,79.63,68.67,1200783634,Water Line  Permanent,1263,Oshawa Creek,Oshawa,130_s,147_s,44.16,32.93,97.16,95.73,87.2,96.14,99.24,98.26,98.09,92.76,96.99,79.9299999999999,87.28,41.61,54.16,NA
41,1,40,41,491,OA1,OADC,OA1-OADC,Oshawa,1997,35635,1,1,-78.89976502,43.94095612,668552.8238,4867459.166,17,NA,C2,44,6.825,300.3,255.255,,0,0,0,0,0,0,0,0,1,47,0,0,0,0,0,0,0,0,0,3,0,0,0,0,0,0,0,0,0,0,0,0,0,0,0,0,0,0,0,0,83,53,14,0,0,0,0,0,0,0,0,0,0,0,0,0,0,0,0,0,0,0,0,0,0,0,2,0,0,0,0,0,0,45,0,0,4.942167739,300022,Oshawa,33.16,99.5,96.04,94.53,79.63,68.67,1200783634,Water Line  Permanent,1263,Oshawa Creek,Oshawa,130_s,147_s,44.16,32.93,97.16,95.73,87.2,96.14,99.24,98.26,98.09,92.76,96.99,79.9299999999999,87.28,41.61,54.16,NA
42,1,41,42,524,OA1,OE04,OA1-OE04,Oshawa,2000,36714,1,1,-78.88134766,43.94103241,670030.7037,4867505.419,17,NA,C2,54,4.766666667,257.4,257.4,,0,0,0,0,0,0,0,0,0,7,0,2,0,0,0,0,0,0,0,7,0,0,0,0,0,0,0,0,0,0,0,0,0,0,0,0,0,0,0,0,35,3,9,0,0,0,0,0,0,0,0,0,0,0,0,0,0,0,0,0,0,0,0,0,0,0,0,0,0,0,0,0,0,27,0,0,4.730259109,300027,Oshawa,32.62,99.5,94.49,67.91,56.11,46.45,1200783615,Water Line  Permanent,1263,East Oshawa Creek,Oshawa,195_s,199_s,37.34,32.39,99.52,87.22,63.72,100.01,100.01,92.44,95.96,73.54,77.2,53.12,63.31,41.61,45.87,NA
43,1,42,43,495,OA1,OADP,OA1-OADP,Oshawa,1997,35633,1,1,-78.8812027,43.94332123,670035.8108,4867759.936,17,NA,C2,79,5.04,398.16,364.98,,0,0,0,0,0,1,0,0,0,14,0,0,0,0,0,0,0,0,0,9,0,0,0,0,0,0,0,0,0,0,0,0,2,0,0,0,0,0,0,0,54,7,20,0,0,0,0,0,0,0,0,0,0,0,0,0,0,0,0,0,0,0,0,0,0,0,0,0,0,0,0,0,0,11,0,0,4.983121384,300027,Oshawa,32.62,75.82,71.97,59.92,50.75,42.31,1200783566,Water Line  Permanent,1263,East Oshawa Creek,Oshawa,195_s,212_s,36.15,32.39,76.01,66.49,57.63,83.28,80.09,74.06,74,66.18,68.83,47.33,57.38,41.61,44.26,41.98
44,1,43,44,525,OA1,OE05,OA1-OE05,Oshawa,2000,36699,1,1,-78.88182831,43.94343567,669985.2777,4867771.358,17,NA,C2,40,4.954,198.16,198.16,,0,0,0,0,0,0,0,0,0,15,0,2,0,0,0,0,0,0,0,25,0,0,0,0,0,0,0,0,0,0,0,0,46,0,0,0,0,0,0,8,131,0,9,0,0,0,0,0,0,0,0,0,0,2,0,0,0,0,0,0,0,0,0,0,0,0,1,0,0,0,0,0,0,16,0,0,4.681388091,300027,Oshawa,32.62,75.82,71.97,59.92,50.75,42.31,1200783566,Water Line  Permanent,1263,East Oshawa Creek,Oshawa,195_s,212_s,36.15,32.39,76.01,66.49,57.63,83.28,80.09,74.06,74,66.18,68.83,47.33,57.38,41.61,44.26,41.98
45,1,44,45,496,OA1,OADR,OA1-OADR,Oshawa,1997,35634,1,1,-78.87615967,43.9448204,670436.2413,4867936.852,17,NA,C2,43,2.345,100.835,90.7515,,0,0,0,0,0,0,0,0,0,0,0,0,0,0,0,0,0,0,0,0,0,0,0,0,0,0,0,0,0,0,0,0,0,0,0,0,0,0,0,0,39,0,10,21,0,0,0,0,0,0,0,0,0,0,0,0,0,0,0,0,0,0,0,0,0,0,0,0,0,0,0,0,0,0,0,0,2.624972921,300027,Oshawa,32.62,97.37,94.5,68.07,55.95,46.64,1200783557,Water Line  Intermittent,1123,Unnamed Tributaries of East Oshawa Creek,Oshawa,195_s,216_s,37.24,32.39,96.22,91.01,62.94,100,100,94.46,99.76,72.73,79.59,51.32,63.43,41.61,45.33,41.98
46,1,45,46,487,OA1,OA13,OA1-OA13,Oshawa,2000,36697,1,1,-78.90623474,43.9458313,668019.8542,4867987.458,17,NA,C2,66,6.505,429.33,400.708,,0,0,0,0,0,0,0,0,0,40,0,0,0,0,0,0,0,0,0,6,0,0,0,0,0,0,0,0,0,0,0,0,0,0,0,0,0,0,0,0,64,15,2,0,0,0,0,0,0,0,0,0,0,0,0,0,0,0,0,0,0,0,0,0,0,0,0,0,0,0,0,0,0,50,0,0,4.202043351,300103,Oshawa,33.35,99.74,99.22,95.29,81.69,68.52,1200783544,Water Line  Permanent,1263,Oshawa Creek,Oshawa,158_s,70_s,47.4,33.33,99.65,97.07,91.72,99.99,100,97.93,99.65,96.42,98.57,85.15,94.0000000000001,42.5,59.28,NA
47,1,46,47,526,OA1,OE06,OA1-OE06,Oshawa,2000,36703,1,1,-78.87706757,43.94680405,670357.7142,4868155.3,17,NA,C2,46,2.543333333,116.9933333,111.1436667,,0,0,0,0,0,0,0,0,0,0,0,0,0,0,0,0,0,0,0,10,0,0,0,0,2,0,0,0,0,0,0,0,1,0,0,0,0,0,0,18,68,0,132,0,0,0,0,0,0,0,0,0,0,0,0,0,0,0,0,0,0,0,0,0,0,0,0,0,0,0,0,0,0,0,0,0,2.942427624,300187,Oshawa,30.15,94.08,91.47,69.93,55.38,45.17,1200783535,Water Line  Permanent,1263,Unnamed Tributaries of East Oshawa Creek,Oshawa,216_s,218_s,34.95,29.84,92.82,89.32,62.62,99.99,99.99,100.01,99.99,74.61,82.86,52.31,65.52,41.61,45.61,NA
48,1,47,48,488,OA1,OA14,OA1-OA14,Oshawa,2000,36700,1,1,-78.91296387,43.95039368,667467.0322,4868480.52,17,NA,C2,45,6.775,304.875,294.7125,,0,0,0,0,0,0,0,0,0,61,0,1,0,0,0,0,0,0,0,22,0,0,0,0,0,0,0,0,0,0,0,0,0,0,0,0,0,0,0,0,22,0,5,0,0,0,0,0,0,0,0,0,0,0,0,0,0,0,0,0,0,0,0,0,0,0,3,0,0,0,0,0,0,16,0,0,4.322747616,300103,Oshawa,33.35,99.74,99.22,95.29,81.69,68.52,1200783544,Water Line  Permanent,1263,Oshawa Creek,Oshawa,158_s,70_s,47.4,33.33,99.65,97.07,91.72,99.99,100,97.93,99.65,96.42,98.57,85.15,94.0000000000001,42.5,59.28,NA
49,1,48,49,489,OA1,OA15,OA1-OA15,Oshawa,2000,36705,1,1,-78.92307282,43.95672226,666638.168,4869162.968,17,NA,C2,63,5.194,327.222,321.7683,,0,0,0,0,0,0,0,0,0,22,0,0,0,0,0,0,0,0,0,24,0,0,0,0,1,0,0,0,0,0,0,0,6,0,0,0,0,0,0,7,93,5,29,0,0,0,0,0,0,0,0,0,0,0,0,0,0,0,0,0,0,0,0,0,0,0,18,0,0,0,0,0,0,40,0,0,6.336440721,300067,Oshawa,33.4,99.14,98.48,93.68,81.01,68,1200783451,Water Line  Permanent,1263,Oshawa Creek,Oshawa,310_s,306_s,51.17,35.12,98.84,98.25,89.83,100,99.99,100,99.98,99.35,99.6,82.2,93.26,44.04,63.03,NA
50,1,49,50,497,OA1,OADW,OA1-OADW,Oshawa,1997,35634,1,1,-78.93031311,43.96033096,666047.193,4869549.188,17,NA,C2,65,5.43,352.95,347.0675,,0,0,0,0,0,1,0,0,0,29,0,2,0,0,0,0,0,0,0,12,0,0,0,0,0,0,0,0,0,0,0,0,0,0,0,0,0,0,0,0,36,0,5,0,0,0,0,0,0,0,0,0,0,0,0,0,0,0,0,0,0,0,0,0,0,0,0,0,0,0,0,0,0,23,0,0,4.722090839,300067,Oshawa,33.4,99.47,98.38,91.46,77.45,63.73,1200783438,Water Line  Permanent,1263,Oshawa Creek,Oshawa,310_s,279_s,51.99,35.59,99.09,97.61,88.17,100,100.02,100,100,99.75,99.92,78.62,91.17,44.9,64.36,NA
51,1,50,51,510,OA1,OC01,OA1-OC01,Oshawa,2000,36696,1,1,-78.93471527,43.96648026,665676.9117,4870223.338,17,NA,C2,40,4.895,195.8,189.2733333,,0,0,0,0,0,0,0,0,0,1,0,19,0,0,0,0,0,0,0,1,0,0,0,0,0,0,0,0,0,0,0,0,0,0,0,0,0,0,0,0,0,0,0,0,0,0,0,0,0,0,0,0,0,0,0,0,0,0,0,0,0,0,0,0,0,0,0,0,0,0,0,0,0,11,0,0,2.442931515,100006,Oshawa,33.69,99.02,98.59,91.18,74.85,62.66,1200783343,Water Line  Permanent,1263,Unnamed Tributaries of Oshawa Creek,Oshawa,293_s,299_s,54.73,38.24,98.74,98.23,86.36,100,99.99,100,99.99,95.95,99.78,74.42,86.61,47.08,66.69,NA
52,1,51,52,555,OA1,SOD1,OA1-SOD1,Oshawa,2000,36766,1,1,-78.92836762,43.96878052,666179.7121,4870491.596,17,NA,C2,55,3.971,218.405,218.405,,0,0,0,0,0,0,0,0,0,1,0,6,0,0,0,0,0,0,0,37,0,0,0,0,2,0,0,0,0,0,0,0,2,0,0,0,0,0,1,7,68,0,44,0,0,0,0,0,0,0,0,0,0,2,0,0,0,0,0,0,0,0,0,0,0,0,5,0,0,0,0,0,0,0,0,0,4.959396609,100006,Oshawa,33.69,98.25,97.85,90.6,75.11,61.33,1200783314,Water Line  Permanent,1263,Unnamed Tributaries of Oshawa Creek,Oshawa,293_s,355_s,55.58,38.91,98.25,97.53,87.29,99.99,100,100,100.01,98.53,99.77,73.66,87.2,47.82,67.5900000000001,41.98
53,1,52,53,556,OA1,SOD2,OA1-SOD2,Oshawa,2000,36766,1,1,-78.92497253,43.96990585,666448.915,4870623.432,17,NA,C2,40,1.101,44.04,44.04,,0,0,0,0,0,0,0,0,0,0,0,0,0,0,0,0,0,0,0,4,0,0,0,0,0,0,0,0,0,0,0,0,0,0,0,0,0,0,45,28,42,0,86,0,0,0,0,0,0,0,0,0,0,0,0,0,0,0,0,0,0,0,0,0,0,0,1,0,0,0,0,0,0,0,0,0,4.034382759,100008,Oshawa,32.56,98.28,97.34,89.6,75.37,59.95,1200783280,Water Line  Permanent,1263,Unnamed Tributaries of Oshawa Creek,Oshawa,355_s,364_s,54.99,38.38,98.15,96.46,86.67,100.01,99.99,100.01,100,98.83,99.92,77.92,91.2,50.33,69.63,NA
54,1,53,54,527,OA1,OE07,OA1-OE07,Oshawa,2000,36705,1,1,-78.88630676,43.97215652,669544.147,4870952.164,17,NA,C2,41,3.2325,132.5325,132.5325,,0,0,0,0,0,0,0,0,0,12,0,6,0,0,0,0,0,0,0,2,0,0,0,0,0,0,0,0,0,0,0,0,0,0,0,0,0,0,0,0,2,0,0,0,0,0,0,0,0,0,0,0,0,0,0,0,0,0,0,0,0,0,0,0,0,0,0,0,0,0,0,0,0,47,0,0,2.673522527,300089,Oshawa,15.62,99.08,96.87,68.57,52.34,40.11,1200783220,Water Line  Permanent,1263,East Oshawa Creek,Oshawa,531_s,538_s,28.56,16.6,98.83,93.09,60.98,100,100.01,94.89,97.87,71.17,76.68,51.71,64.58,22.18,37.42,NA
55,1,54,55,529,OA1,OE08,OA1-OE08,Oshawa,2000,36712,1,1,-78.89283752,43.97939301,668999.7568,4871742.518,17,NA,C2,51,4.886,249.186,232.5736,,0,0,0,8,0,0,0,0,0,0,0,52,0,0,0,0,0,0,0,2,0,0,0,0,0,0,0,0,0,0,0,0,0,0,0,0,0,0,0,0,0,0,0,0,0,0,0,0,0,0,0,0,0,0,0,0,0,0,0,0,0,0,0,0,0,0,0,0,0,0,0,0,0,5,0,0,2.114811977,300117,Oshawa,15.75,92.62,88.91,68.9,53.72,41.86,1200783115,Water Line  Intermittent,1123,East Oshawa Creek,Oshawa,591_s,594_s,31.47,18.13,92.32,85.05,59.39,100,99.99,99.99,100,79.35,88.45,55.71,70.73,24.33,41.88,NA
56,1,55,56,528,OA1,OE08,OA1-OE08,Oshawa,2000,36653,1,1,-78.89283752,43.97939301,668999.7568,4871742.518,17,NA,C2,51,4.886,249.186,232.5736,,0,0,0,0,0,0,0,0,0,10,0,3,0,0,0,0,0,0,0,0,0,0,0,0,0,0,0,0,0,0,0,0,0,0,0,0,0,0,0,0,0,0,0,0,0,0,0,0,0,0,0,0,0,0,0,0,0,0,0,0,0,0,0,0,0,0,0,0,0,0,0,0,0,0,0,0,1.716357208,300117,Oshawa,15.75,92.62,88.91,68.9,53.72,41.86,1200783115,Water Line  Intermittent,1123,East Oshawa Creek,Oshawa,591_s,594_s,31.47,18.13,92.32,85.05,59.39,100,99.99,99.99,100,79.35,88.45,55.71,70.73,24.33,41.88,NA
57,1,56,57,530,OA1,OE09,OA1-OE09,Oshawa,2000,36700,1,1,-78.89309692,43.98179245,668972.1435,4872008.493,17,NA,C2,51,3.5475,180.9225,177.907125,,0,0,0,0,0,0,0,0,0,4,0,22,0,0,0,0,0,0,0,0,0,0,0,0,0,0,0,0,0,0,0,0,0,0,0,0,0,0,0,0,0,0,0,0,0,0,0,0,0,0,0,0,0,0,0,0,0,0,0,0,0,0,0,0,0,0,0,0,0,0,0,0,0,8,0,0,2.396238975,300117,Oshawa,15.75,92.62,88.91,68.9,53.72,41.86,1200783115,Water Line  Intermittent,1123,East Oshawa Creek,Oshawa,591_s,594_s,31.47,18.13,92.32,85.05,59.39,100,99.99,99.99,100,79.35,88.45,55.71,70.73,24.33,41.88,NA
58,1,57,58,514,OA1,OD01,OA1-OD01,Oshawa,2000,36697,1,1,-78.92527771,43.98184967,666391.0652,4871949.417,17,NA,C2,50,5.434,271.7,267.1716667,,0,0,0,0,0,0,0,0,0,5,0,20,0,0,0,0,0,0,0,0,0,0,0,0,0,0,0,0,0,0,0,0,0,0,0,0,0,0,0,2,0,0,3,0,0,0,0,0,0,0,0,0,0,0,0,0,0,0,0,0,0,0,0,0,0,0,0,0,0,0,0,0,0,7,0,0,3.594562582,300155,Oshawa,29.25,99.41,94.28,71.16,60.6,56.63,1200783097,Water Line  Intermittent,1123,Oshawa Creek,Oshawa,426_s,448_s,49.94,37.29,99.35,88.36,62.65,100,100,90.55,95.5,76.78,83.15,73.67,74.72,55.32,69.1,NA
59,1,58,59,515,OA1,OD02,OA1-OD02,Oshawa,2000,36696,1,1,-78.91316986,43.98321915,667358.2719,4872126.025,17,NA,C2,47,1.602,75.294,75.294,,0,0,0,2,0,0,0,0,0,0,0,0,0,0,0,0,0,0,0,0,0,0,0,0,1,0,0,0,0,0,0,0,0,0,0,0,0,0,0,248,89,0,1,0,0,0,1,0,0,0,0,0,0,0,0,0,0,0,0,0,0,0,0,0,0,0,5,0,0,0,0,0,0,5,0,0,2.213551212,300153,Oshawa,32.05,98.48,97.87,94.76,83.56,72.36,1200783055,Water Line  Permanent,1263,Unnamed Tributaries of Oshawa Creek,Oshawa,433_s,585_s,58.56,43.52,98.16,97.54,91.71,100,99.99,99.99,100,100.02,99.97,87.96,95.61,56.22,73.04,41.98
60,1,59,60,535,OA1,OF01,OA1-OF01,Oshawa,2000,36704,1,1,-78.87110138,43.9836998,670730.7317,4872265.645,17,NA,C2,45,1.620666667,72.93,71.30933333,,0,0,0,0,0,0,0,0,0,0,0,0,0,0,0,0,0,0,0,2,0,0,0,0,0,0,0,0,0,0,0,0,0,0,0,0,0,0,0,0,14,0,2,0,0,0,0,0,0,0,0,1,0,0,0,0,0,0,0,0,0,0,0,0,0,0,0,0,0,0,0,0,0,0,0,0,2.34889428,300129,Oshawa,8.8,98.12,91.3,51.86,28.44,20.36,1200783066,Water Line  Permanent,1263,Unnamed Tributaries of East Oshawa Creek,Oshawa,569_s,663_s,17.16,11.07,95.19,86.51,33.84,100.02,100,100.01,99.98,44.6,67.78,31.32,38.03,14.87,22.95,NA
61,1,60,61,516,OA1,OD03,OA1-OD03,Oshawa,2000,36696,1,1,-78.91072083,43.98522186,667549.0458,4872353.44,17,NA,C2,44,0.9895,43.538,43.538,,0,0,0,0,0,0,0,0,0,0,0,0,0,0,0,0,0,0,0,5,0,0,0,0,0,0,0,0,0,0,0,0,0,0,0,0,0,0,0,27,71,0,33,0,0,0,0,0,0,0,0,0,0,0,0,0,0,0,0,0,0,0,0,0,0,0,0,0,0,0,0,0,0,0,0,0,3.081378009,300185,Oshawa,31.1,98.56,97.98,94.51,82.59,71,1200783046,Water Line  Permanent,1263,Unnamed Tributaries of Oshawa Creek,Oshawa,585_s,589_s,57.27,42.38,98.3,97.48,90.79,100,100.01,100.01,99.99,100,100,88.85,96.09,56.97,73.49,NA
62,1,61,62,536,OA1,OF02,OA1-OF02,Oshawa,2000,36714,1,1,-78.86605835,43.98923111,671119.2747,4872890.463,17,NA,C2,43,4.024166667,173.0391667,173.0391667,,0,0,0,0,0,0,0,0,0,0,0,0,0,0,0,0,0,0,0,0,0,0,0,0,0,0,0,0,0,0,0,0,0,0,0,0,0,0,0,0,38,0,39,0,0,0,0,0,0,0,0,0,0,0,0,0,0,0,0,0,0,0,0,0,0,0,0,0,0,0,0,0,0,0,0,0,1.99983134,300189,Oshawa,10.31,96.04,92.92,65.98,40.68,31.4,1200782988,Water Line  Intermittent,1123,Unnamed Tributaries of East Oshawa Creek,Oshawa,669_s,709_s,21.95,13.7,93.5,90.98,47.41,100,100,100,100,68.73,85.28,37.94,50.67,15.81,25.62,NA
63,1,62,63,531,OA1,OE10,OA1-OE10,Oshawa,2000,36714,1,1,-78.89247131,43.98991013,668999.275,4872911.407,17,NA,C2,40,5.028,201.12,201.12,,0,0,0,0,0,0,0,0,0,4,0,11,0,0,0,0,0,0,0,0,0,0,0,0,0,0,0,0,0,0,0,0,0,0,0,0,0,0,0,0,1,0,0,0,0,0,0,0,0,0,0,0,0,0,0,0,0,0,0,0,0,0,0,0,0,0,0,0,0,0,0,0,0,11,0,0,3.116215644,300046,Oshawa,15.91,99.27,98.77,82.73,57.47,45.76,1200782955,Water Line  Intermittent,1123,East Oshawa Creek,Oshawa,615_s,632_s,34.45,20.29,99.01,98.08,69.05,100.01,100.01,100.01,100.02,86.82,97.1,59.88,73.06,26.72,45.08,20.83
64,1,63,64,547,OA1,OH02,OA1-OH02,Oshawa,1998,36062,1,1,-78.86431122,43.99275589,671249.2381,4873285.589,17,NA,C2,42,1.8,75.6,75.6,,0,0,0,1,0,0,0,0,0,14,0,0,0,0,0,0,0,0,0,15,0,0,0,0,0,0,0,0,6,0,0,0,0,0,0,0,0,0,0,4,177,0,111,0,0,0,0,0,0,0,0,0,0,0,0,0,0,0,0,0,0,0,0,0,0,0,0,0,0,0,0,0,0,0,0,0,3.064375999,300189,Oshawa,10.31,96.04,92.92,65.98,40.68,31.4,1200782941,Water Line  Permanent,1263,Unnamed Tributaries of East Oshawa Creek,Oshawa,669_s,709_s,21.95,13.7,93.5,90.98,47.41,100,100,100,100,68.73,85.28,37.94,50.67,15.81,25.62,NA
65,1,64,65,546,OA1,OH02,OA1-OH02,Oshawa,1997,35712,1,1,-78.86431122,43.99275589,671249.2381,4873285.589,17,NA,C2,43.1,2,86.2,86.2,,0,0,0,0,0,0,0,0,0,7,0,0,0,0,0,0,0,0,0,0,0,0,0,0,0,0,0,0,0,0,0,0,0,0,0,0,0,0,0,0,0,0,0,0,0,0,0,0,0,0,0,0,0,0,0,0,0,0,0,0,0,0,0,0,0,0,0,0,0,0,0,0,0,0,0,0,1,300189,Oshawa,10.31,96.04,92.92,65.98,40.68,31.4,1200782941,Water Line  Permanent,1263,Unnamed Tributaries of East Oshawa Creek,Oshawa,669_s,709_s,21.95,13.7,93.5,90.98,47.41,100,100,100,100,68.73,85.28,37.94,50.67,15.81,25.62,NA
66,1,65,66,545,OA1,OH02,OA1-OH02,Oshawa,1997,35683,1,1,-78.86431122,43.99275589,671249.2381,4873285.589,17,NA,C2,43.1,2,86.2,86.2,,0,0,0,0,0,0,0,0,0,7,0,0,0,0,0,0,0,0,0,10,0,0,0,0,2,0,0,0,0,0,0,0,0,0,0,0,0,0,0,9,248,0,118,0,0,0,0,0,0,0,0,0,0,0,0,0,0,0,0,0,0,0,0,0,0,0,0,0,0,0,0,0,0,4,0,0,2.65738988,300189,Oshawa,10.31,96.04,92.92,65.98,40.68,31.4,1200782941,Water Line  Permanent,1263,Unnamed Tributaries of East Oshawa Creek,Oshawa,669_s,709_s,21.95,13.7,93.5,90.98,47.41,100,100,100,100,68.73,85.28,37.94,50.67,15.81,25.62,NA
67,1,66,67,532,OA1,OE11,OA1-OE11,Oshawa,2000,36697,1,1,-78.8762207,43.99600983,670284.956,4873622.339,17,NA,C2,40,0.9555,38.22,38.22,,0,0,0,0,0,0,0,0,0,0,0,0,23,0,0,0,0,0,0,0,0,0,0,0,0,0,0,0,0,0,0,0,0,0,0,0,0,0,0,0,0,0,0,0,0,0,0,0,0,0,0,0,0,0,0,0,0,0,0,0,0,0,0,0,0,0,0,0,0,0,0,0,0,0,0,0,1,300198,Oshawa,13.94,71.01,60.17,55.27,52.3,45.62,1200782899,Water Line  Intermittent,1123,Unnamed Tributaries of East Oshawa Creek,Oshawa,686_s,705_s,30.21,18.34,63.96,52.12,56.54,70.6,72.79,53.18,66.05,75.87,68.03,67.3300000000001,72.58,27.84,44.81,1.09
68,1,67,68,537,OA1,OF03,OA1-OF03,Oshawa,2000,36706,1,1,-78.85794067,43.99761963,671746.0309,4873839.059,17,NA,C2,40,2.315,92.6,89.51333333,,0,0,0,0,0,0,0,0,0,0,0,0,0,0,0,0,0,0,0,1,0,0,0,0,1,0,0,0,0,0,0,0,0,0,0,0,0,0,0,0,91,3,45,0,0,0,0,0,0,0,0,0,0,0,0,0,0,0,0,0,0,0,0,0,0,0,0,0,0,0,0,0,0,0,0,0,2.223825564,300085,Oshawa,10.77,97.58,95.77,84.11,57.73,43.89,1200782840,Water Line  Permanent,1263,Unnamed Tributaries of East Oshawa Creek,Oshawa,717_s,1221_s,26.09,15.61,96.68,94.83,72,100,99.99,100,99.99,85.51,97.92,48.29,67.72,17.33,29.14,12.39
69,1,68,69,511,OA1,OC02,OA1-OC02,Oshawa,2000,36685,1,1,-78.95413208,43.99962235,664027.9546,4873865.62,17,NA,C2,41,1.016,41.656,41.656,,0,0,0,0,0,0,0,0,0,0,0,0,0,0,0,0,0,0,0,0,0,0,0,0,0,0,0,0,0,0,0,0,0,0,0,0,0,0,0,0,73,0,8,0,0,0,0,0,0,0,0,0,0,0,0,0,0,0,0,0,0,0,0,0,0,0,0,0,0,0,0,0,0,1,0,0,1.468573535,300059,Oshawa,27.36,96.97,83.98,61.4,56.09,57.32,1200782792,Water Line  Permanent,1263,Unnamed Tributaries of Oshawa Creek,Oshawa,401_s,737_s,49.5,41.09,94.18,73.29,55.52,93.03,99.07,83.67,93.5,66.63,75.6,76.42,70.84,62.95,72.14,NA
70,1,69,70,557,OA1,SOD3,OA1-SOD3,Oshawa,2000,36766,1,1,-78.91861725,43.99969864,666875.1959,4873945.367,17,NA,C2,60,0.43,25.8,25.8,,0,0,0,0,0,0,0,0,0,0,0,0,0,0,0,0,0,0,0,0,0,0,0,0,0,0,0,0,0,0,0,0,0,0,0,0,0,0,0,58,25,0,10,0,0,0,0,0,0,0,0,0,0,0,0,0,0,0,0,0,0,0,0,0,0,0,0,0,0,0,0,0,0,0,0,0,2.428809455,300094,Oshawa,31.59,98.32,98,92.64,83.52,79.7,1200782806,Water Line  Permanent,1263,Unnamed Tributaries of Oshawa Creek,Oshawa,462_s,466_s,60.65,48.22,98.23,97.69,84.7,100,100,100,100,92.01,97.19,94.6,94.12,64.12,76.11,41.98
71,1,70,71,552,OA1,SOC1,OA1-SOC1,Oshawa,2000,36755,1,1,-78.95020294,44.00424957,664330.2005,4874387.393,17,NA,C2,54,2.567,138.618,138.618,,0,0,0,0,0,0,0,0,0,0,0,0,17,0,0,0,0,0,0,0,0,0,0,0,0,0,0,0,0,0,0,0,0,0,0,0,0,0,0,0,0,0,0,0,0,0,0,0,0,0,0,0,0,0,0,0,0,0,0,0,0,0,0,0,0,0,0,0,0,0,0,0,0,2,0,0,1.40003293,400004,Oshawa,2.85,99.95,94.72,60.95,31.41,15.43,1200782738,Water Line  Intermittent,1123,Unnamed Tributaries of Oshawa Creek,Oshawa,406_s,756_s,9.09,4.34,99.83,89.62,41.59,99.99,100,85.01,89.73,48.06,68.72,17.83,36.45,4.98,10.39,NA
72,1,71,72,558,OA1,SOD4,OA1-SOD4,Oshawa,2000,36763,1,1,-78.93170929,44.0052948,665809.9288,4874540.518,17,NA,C2,47,4.222,198.434,198.434,,0,0,0,0,0,0,0,0,0,0,0,22,0,0,0,0,0,0,0,0,0,0,0,0,0,0,0,0,0,0,0,0,0,0,0,0,0,0,0,0,0,0,0,0,0,0,0,0,0,0,0,0,0,0,0,0,0,0,0,0,0,0,0,0,0,0,0,0,0,0,0,0,0,6,0,0,1.681321076,100017,Oshawa,1.27,100,97.12,23.94,11.76,5.61,1200782698,Water Line  Intermittent,1123,Oshawa Creek,Oshawa,447_s,796_s,3.94,1.96,100,88.69,12.66,100,100,89.35,97.68,12.86,25.12,5.62,12.05,1.96,3.99,NA
73,1,72,73,538,OA1,OF04,OA1-OF04,Oshawa,2000,36700,1,1,-78.85118866,44.0054245,672264.8072,4874720.039,17,NA,C2,44,1.648,72.512,70.90062222,,0,0,0,0,0,0,0,0,0,0,0,0,0,0,0,0,0,0,0,2,0,0,0,0,28,0,0,0,0,0,0,0,0,0,0,0,0,0,0,0,35,0,47,0,0,0,0,0,0,0,3,0,0,0,0,0,0,0,0,0,0,0,0,0,0,0,0,0,0,0,0,0,0,1,0,0,3.582976352,300205,Oshawa,10.84,99.44,99.44,99.44,95.01,78.65,214608396,Water Virtual Flow Segment,2806,,Oshawa,1221_s,1573_s,39.11,19.59,99.44,99.44,99.12,100,100,100,100,100.01,100.01,89.27,99.06,22.21,45.32,12.39
74,1,73,74,560,OA1,SOE2,OA1-SOE2,Oshawa,2000,36759,1,1,-78.89057922,44.00867844,669097.6641,4874999.893,17,NA,C2,42,2.113,88.746,88.746,,0,0,0,0,0,0,0,0,0,0,0,9,63,0,0,0,0,0,0,0,0,0,0,0,0,0,0,0,0,0,0,0,0,0,0,0,0,0,0,0,0,0,0,0,0,0,0,0,0,0,0,0,0,0,0,0,0,0,0,0,0,0,0,0,0,0,0,0,0,0,0,0,0,36,0,0,2.429521382,100020,Oshawa,14.75,98.62,96.97,71.67,57.39,46.98,1200782619,Water Line  Permanent,1263,East Oshawa Creek,Oshawa,1097_s,1103_s,36.14,22.16,97.91,95.77,57.63,100.01,100,100.01,100.01,68.98,80.72,65.46,71.71,31.41,49.62,NA
75,1,74,75,559,OA1,SOE1,OA1-SOE1,Oshawa,2000,36759,1,1,-78.8957901,44.01090622,668673.6209,4875236.658,17,NA,C2,40,4.241,169.64,169.64,,0,0,0,0,0,0,0,0,0,0,0,0,44,0,0,0,0,0,0,0,0,0,0,0,0,0,0,0,0,0,0,0,0,0,0,0,0,0,0,0,0,0,0,0,0,0,0,0,0,0,0,0,0,0,0,0,0,0,0,0,0,0,0,0,0,0,0,0,0,0,0,0,0,2,0,0,1.195835271,100022,Oshawa,15.71,99.71,99.08,81.26,63.17,50.23,1200782593,Water Line  Permanent,1263,Unnamed Tributaries of East Oshawa Creek,Oshawa,1099_s,1132_s,39.08,23.86,99.63,97.82,71.06,99.98,99.99,100,99.96,82.46,90.6600000000001,67.3600000000001,75.97,32.27,51.26,NA
76,1,75,76,553,OA1,SOC2,OA1-SOC2,Oshawa,2000,36755,1,1,-78.9517746,44.01375961,664177.9545,4875440.546,17,NA,C2,55,1.449,79.695,79.695,,0,0,0,0,0,0,0,0,0,0,0,0,3,0,0,0,0,0,0,0,0,0,0,0,0,0,0,0,0,0,0,0,0,0,0,0,0,0,0,0,28,0,0,0,0,0,0,0,0,0,0,0,0,0,0,0,0,0,0,0,0,0,0,0,0,0,0,0,0,0,0,0,0,0,0,0,1.374289376,100025,Oshawa,2.85,99.59,95.76,75.11,41.47,18.65,1200782555,Water Line  Permanent,1263,Unnamed Tributaries of Oshawa Creek,Oshawa,776_s,929_s,10.34,4.63,99.32,88.16,55.62,100,100,97.7,99.43,66.45,87.11,22.64,50.6,5.32,12.07,NA
77,1,76,77,554,OA1,SOC3,OA1-SOC3,Oshawa,2000,36756,1,1,-78.95230103,44.01471329,664133.1258,4875545.423,17,NA,C2,215,1.5,322.5,322.5,yes,0,0,0,0,0,0,0,0,0,0,0,0,0,0,0,0,0,0,0,0,0,0,0,0,0,0,0,0,0,0,0,0,0,0,0,0,0,0,0,0,0,0,0,0,0,0,0,0,0,0,0,0,0,0,0,0,0,0,0,0,0,0,0,0,0,0,0,0,0,0,0,0,0,0,0,0,0,100025,Oshawa,2.85,99.59,95.76,75.11,41.47,18.65,1200782555,Water Line  Permanent,1263,Unnamed Tributaries of Oshawa Creek,Oshawa,776_s,929_s,10.34,4.63,99.32,88.16,55.62,100,100,97.7,99.43,66.45,87.11,22.64,50.6,5.32,12.07,NA
78,1,77,78,513,OA1,OC04,OA1-OC04,Oshawa,2000,36670,1,1,-78.95361328,44.01582718,664024.8687,4875666.531,17,NA,C2,45,1.074,48.33,47.12175,yes,0,0,0,0,0,0,0,0,0,0,0,0,0,0,0,0,0,0,0,0,0,0,0,0,0,0,0,0,0,0,0,0,0,0,0,0,0,0,0,0,0,0,0,0,0,0,0,0,0,0,0,0,0,0,0,0,0,0,0,0,0,0,0,0,0,0,0,0,0,0,0,0,0,0,0,0,0,100025,Oshawa,2.85,99.59,95.76,75.11,41.47,18.65,1200782555,Water Line  Permanent,1263,Unnamed Tributaries of Oshawa Creek,Oshawa,776_s,929_s,10.34,4.63,99.32,88.16,55.62,100,100,97.7,99.43,66.45,87.11,22.64,50.6,5.32,12.07,NA
79,1,78,79,512,OA1,OC03,OA1-OC03,Oshawa,2000,36662,1,1,-78.95415497,44.01633072,663980.0618,4875721.382,17,NA,C2,41,1.5805,64.8005,64.8005,yes,0,0,0,0,0,0,0,0,0,0,0,0,0,0,0,0,0,0,0,0,0,0,0,0,0,0,0,0,0,0,0,0,0,0,0,0,0,0,0,0,0,0,0,0,0,0,0,0,0,0,0,0,0,0,0,0,0,0,0,0,0,0,0,0,0,0,0,0,0,0,0,0,0,0,0,0,0,100025,Oshawa,2.85,99.59,95.76,75.11,41.47,18.65,1200782526,Water Line  Intermittent,1123,Unnamed Tributaries of Oshawa Creek,Oshawa,776_s,929_s,10.34,4.63,99.32,88.16,55.62,100,100,97.7,99.43,66.45,87.11,22.64,50.6,5.32,12.07,NA
80,1,79,80,517,OA1,OD04,OA1-OD04,Oshawa,2000,36670,1,1,-78.94462585,44.01782608,664739.716,4875906.476,17,NA,C2,40,1.264,50.56,50.56,yes,0,0,0,0,0,0,0,0,0,0,0,0,0,0,0,0,0,0,0,0,0,0,0,0,0,0,0,0,0,0,0,0,0,0,0,0,0,0,0,0,0,0,0,0,0,0,0,0,0,0,0,0,0,0,0,0,0,0,0,0,0,0,0,0,0,0,0,0,0,0,0,0,0,0,0,0,0,300188,Oshawa,27.08,70.88,58.67,53.51,52.42,48.77,1200782511,Water Line  Intermittent,1123,Unnamed Tributaries of Oshawa Creek,Oshawa,830_s,851_s,49.7,44.15,65.51,48.7,60.44,71.12,81.65,58.08,70.96,64.84,54.73,60.48,59.87,68.63,70.77,1.53
81,1,80,81,534,OA1,OE13,OA1-OE13,Oshawa,2000,36699,1,1,-78.87742615,44.01799011,670125.4381,4876061.215,17,NA,C2,40,1.449,57.96,57.96,,0,0,0,0,0,0,0,0,0,0,0,0,0,0,0,0,0,0,0,0,0,0,0,0,0,0,0,0,0,0,0,0,0,0,0,0,0,0,0,0,0,0,0,0,0,0,0,0,0,0,0,0,0,0,0,0,0,0,0,0,0,0,0,0,0,0,0,0,0,0,0,0,0,4,0,0,1,300162,Oshawa,14.52,79.34,78.73,55.4,55.52,52.19,1200782497,Water Line  Permanent,1263,East Oshawa Creek,Oshawa,1148_s,1259_s,37.72,23.89,80.27,72.33,54.88,83.82,78.31,75.35,79.97,58.64,58.02,70.68,65.3,34.73,52.39,NA
82,1,81,82,533,OA1,OE12,OA1-OE12,Oshawa,2000,36671,1,1,-78.88243103,44.01946259,669720.0853,4876214.445,17,NA,C2,40,0.6565,26.26,26.26,yes,0,0,0,0,0,0,0,0,0,0,0,0,0,0,0,0,0,0,0,0,0,0,0,0,0,0,0,0,0,0,0,0,0,0,0,0,0,0,0,0,0,0,0,0,0,0,0,0,0,0,0,0,0,0,0,0,0,0,0,0,0,0,0,0,0,0,0,0,0,0,0,0,0,0,0,0,0,100026,Oshawa,2.04,67.53,51.29,26.94,14.59,7.99,1200782509,Water Line  Permanent,1263,Unnamed Tributaries of East Oshawa Creek,Oshawa,1154_s,1352_s,6.35,3.3,57.33,47.02,15.1,59.84,80.27,53.24,68.45,19.38,33.57,9.48,17.12,3.7,7.22,NA
83,1,82,83,539,OA1,OF05,OA1-OF05,Oshawa,2000,36700,1,1,-78.84856415,44.02007294,672432.7421,4876352.541,17,NA,C2,40,0.9815,39.26,39.26,,0,0,0,0,0,0,0,0,0,0,0,0,2,0,0,0,0,0,0,0,0,0,0,0,0,0,0,0,0,0,0,0,0,0,0,0,0,0,0,1,6,0,3,0,0,0,0,0,0,0,0,0,0,0,0,0,0,0,0,0,0,0,0,0,0,0,0,0,0,0,0,0,0,0,0,0,3.316298704,300017,Oshawa,10.82,99.17,99.17,99.16,98.92,97.3,1200782454,Water Line  Permanent,1263,Unnamed Tributaries of East Oshawa Creek,Oshawa,1573_s,1596_s,49.64,21.95,99.17,99.17,99.13,100,100,100.01,100.01,99.99,99.99,100.01,100,25.93,57.77,12.39
84,1,83,84,518,OA1,OD05,OA1-OD05,Oshawa,2000,36696,1,1,-78.93032074,44.02118683,665876.9248,4876308.45,17,NA,C2,44,2.688333333,118.2866667,118.2866667,,0,0,0,0,0,0,0,0,0,2,0,0,47,0,0,0,0,0,0,0,0,0,0,0,0,0,0,0,0,0,0,0,0,0,0,0,0,0,0,0,0,0,0,0,0,0,0,0,0,0,0,0,0,0,0,0,0,0,0,0,0,0,0,0,0,0,0,0,0,0,0,0,0,0,2,0,1.389975203,200002,Oshawa,3.53,99.99,96.05,70.9,42.72,21.1,214608433,Water Virtual Flow Segment,2806,,Oshawa,845_s,880_s,12.73,5.98,100.01,92.71,51.31,99.98,100,95.11,97.01,51.29,71.64,21.11,43.51,6,12.84,NA
85,1,84,85,540,OA1,OF06,OA1-OF06,Oshawa,2000,36714,1,1,-78.84885407,44.02600098,672392.3179,4877010.368,17,NA,C2,44,1.7685,77.814,75.86865,,0,0,0,0,0,0,0,0,0,0,0,0,8,0,0,0,0,0,0,0,0,0,0,0,0,0,0,0,0,0,0,0,0,0,0,0,0,0,0,0,5,0,0,0,0,0,0,0,0,0,0,0,0,0,0,0,0,0,0,0,0,0,0,0,0,0,0,0,0,0,0,0,0,0,0,0,1.94697803,300017,Oshawa,10.82,99.17,99.17,99.16,98.92,97.3,1200782362,Water Line  Permanent,1263,Unnamed Tributaries of East Oshawa Creek,Oshawa,1573_s,1596_s,49.64,21.95,99.17,99.17,99.13,100,100,100.01,100.01,99.99,99.99,100.01,100,25.93,57.77,12.39
